{"inputUnits":[42],"outputUnits":3,"inputs":{"0":{"dtype":"number","min":37.35543966293335,"max":574.2621231079102},"1":{"dtype":"number","min":236.29257202148438,"max":464.06224250793457},"2":{"dtype":"number","min":45.73531150817871,"max":604.4612121582031},"3":{"dtype":"number","min":201.45196437835693,"max":417.58538246154785},"4":{"dtype":"number","min":44.51765060424805,"max":616.6873168945312},"5":{"dtype":"number","min":164.5391607284546,"max":379.8047733306885},"6":{"dtype":"number","min":48.42353820800781,"max":603.281364440918},"7":{"dtype":"number","min":140.4460573196411,"max":347.39662170410156},"8":{"dtype":"number","min":32.70843267440796,"max":582.3262786865234},"9":{"dtype":"number","min":131.73813343048096,"max":331.44447326660156},"10":{"dtype":"number","min":17.85099506378174,"max":598.6619567871094},"11":{"dtype":"number","min":128.93646240234375,"max":350.61641693115234},"12":{"dtype":"number","min":21.874585151672363,"max":609.6263885498047},"13":{"dtype":"number","min":78.57200860977173,"max":299.67747688293457},"14":{"dtype":"number","min":23.923113346099854,"max":615.583610534668},"15":{"dtype":"number","min":48.2520318031311,"max":270.7119941711426},"16":{"dtype":"number","min":23.936944007873535,"max":618.7860107421875},"17":{"dtype":"number","min":25.73988676071167,"max":247.7973747253418},"18":{"dtype":"number","min":20.16674041748047,"max":578.9078903198242},"19":{"dtype":"number","min":123.7302017211914,"max":355.13248443603516},"20":{"dtype":"number","min":39.68580484390259,"max":582.0813369750977},"21":{"dtype":"number","min":84.77312564849854,"max":316.8948268890381},"22":{"dtype":"number","min":51.002397537231445,"max":589.4573211669922},"23":{"dtype":"number","min":51.747143268585205,"max":340.7408809661865},"24":{"dtype":"number","min":59.77488994598389,"max":594.3268585205078},"25":{"dtype":"number","min":30.612802505493164,"max":354.9829387664795},"26":{"dtype":"number","min":31.83093547821045,"max":603.398551940918},"27":{"dtype":"number","min":136.5955352783203,"max":365.6637954711914},"28":{"dtype":"number","min":57.348341941833496,"max":600.5276870727539},"29":{"dtype":"number","min":126.689772605896,"max":330.63220024108887},"30":{"dtype":"number","min":52.97478199005127,"max":592.3859024047852},"31":{"dtype":"number","min":117.48327255249023,"max":353.2905864715576},"32":{"dtype":"number","min":49.51334476470947,"max":588.7021636962891},"33":{"dtype":"number","min":98.13935279846191,"max":367.5798797607422},"34":{"dtype":"number","min":41.6088342666626,"max":626.6959381103516},"35":{"dtype":"number","min":149.55727100372314,"max":378.1922721862793},"36":{"dtype":"number","min":37.15120792388916,"max":619.1488647460938},"37":{"dtype":"number","min":142.30101585388184,"max":352.33323097229004},"38":{"dtype":"number","min":32.475223541259766,"max":611.0979080200195},"39":{"dtype":"number","min":155.68163394927979,"max":371.88045501708984},"40":{"dtype":"number","min":30.52945613861084,"max":608.2155227661133},"41":{"dtype":"number","min":165.82005500793457,"max":388.26544761657715}},"outputs":{"0":{"dtype":"string","min":0,"max":1,"uniqueValues":["1","2","3"],"legend":{"1":[1,0,0],"2":[0,1,0],"3":[0,0,1]}}},"isNormalized":true}